<resources>
    <string name="app_name">BTApp1</string>
    <string name="action_settings">Settings</string>
  <string name="mnu_BeeperON">Beeper ON</string>
  <string name="mnu_BeeperOff">Beeper Off</string>
  <string name="mnu_DoScan">Trigger Scanner</string>
  <string name="mnu_DoBeep">BEEP</string>
  <string name="mnu_HeaderOff">Header off</string>
  <string name="mnu_HeaderOn">Header on</string>
  <string name="mnu_ManualTrigger">Manual Trigger</string>

  <string name="mnu_AllEnable">Enable all</string>
  <string name="mnu_AllDisable">Disable all</string>
</resources>
